33_Saka_DR,33_Saka_DR,10.99.39.18,BTS
Park_Lane_Apapa_Cyb_lag_001,Park_Lane_Apapa_Cyb_lag_001,10.99.30.18,BTS
Kofo_abayomi_Cyb_30,Kofo_abayomi_Cyb_30,10.99.37.242,BTS
Car_Park_Cyb_38,Car_Park_Cyb_38,10.99.31.130,BTS
Alagomeji_Cyb_lag_003,Alagomeji_Cyb_lag_003,10.99.30.50,BTS
Kingsway_Cyb_lag_004,Kingsway_Cyb_lag_004,10.99.30.66,BTS
Aguda_Cyb_lag_012,Aguda_Cyb_lag_012,10.99.30.194,BTS
Idimu_Cyb_lag_015,Idimu_Cyb_lag_015,10.99.30.242,BTS
Isolo_Cyb_lag_022,Isolo_Cyb_lag_022,10.99.37.114,BTS
Ahmadu_Bello_way_Cyb_67,Ahmadu_Bello_way_Cyb_67,10.99.32.114,BTS
Adetokunbo_Ademola_Cyb_29,Adetokunbo_Ademola_Cyb_29,10.99.37.226,BTS
Oniru_Cyb_51,Oniru_Cyb_51,10.99.38.98,BTS
Balarebe_Musa_Cyb_75,Balarebe_Musa_Cyb_75,10.99.32.226,BTS
Lekki_Express_36,Lekki_Express_36,10.99.31.98,BTS
Ajah_Ajuwe_Thomas_28,Ajah_Ajuwe_Thomas_28,10.99.37.210,BTS
ELF_66,ELF_66,10.99.32.98,BTS
Ashabi_Lekki_70,Ashabi_Lekki_70,10.99.32.146,BTS
Bode_Adebowale__Lekki_42,Bode_Adebowale__Lekki_42,10.99.31.194,BTS
Rufus_Giwa_Lekki_92,Rufus_Giwa_Lekki_92,10.99.33.226,BTS
Admiralty_Lekki,Admiralty_Lekki,10.99.31.18,BTS
Lekki_Epe_Ikata,Lekki_Epe_Ikata,10.99.31.178,BTS
Ikota__Shopping_Complex_27,Ikota__Shopping_Complex_27,10.99.37.194,BTS
Alaguntun_Ajah_45,Alaguntun_Ajah_45,10.99.38.242,BTS
Makarius_Ajah_44,Makarius_Ajah_44,10.99.31.226,BTS
Olowo_shago_Ikorodu_77,Olowo_shago_Ikorodu_77,10.99.33.18,BTS
Grammer_School__Ikorodu_94,Grammer_School__Ikorodu_94,10.99.34.18,BTS
Oba_Akran_CYB_6,Oba_Akran_CYB_6,10.99.30.98,BTS
Dopemu_Cyb_8,Dopemu_Cyb_8,10.99.30.130,BTS
Adeniyi_Jones_37,Adeniyi_Jones_37,10.99.31.114,BTS
Alfenlla_69,Alfenlla_69,10.99.32.146,BTS
Allen_10,Allen_10,10.99.30.162,BTS
MITV_9,MITV_9,10.99.30.146,BTS
Agidingbi_cyb53,Agidingbi_cyb53,10.99.39.66,BTS
Shangisha__Cyb_34,Shangisha__Cyb_34,10.99.31.66,BTS
Ikosi_Cyb_60,Ikosi_Cyb_60,10.99.31.242,BTS
Ojodu_Cyb_11,Ojodu_Cyb_11,10.99.30.178,BTS
Oko_Oba_Cyb97,Oko_Oba_Cyb97,10.99.39.194,BTS
Oke_Odo_Cyb76,Oke_Odo_Cyb76,10.99.32.242,BTS
Iju_Cyb_87,Iju_Cyb_87,10.99.33.162,BTS
Alagbado_Cyb_73,Alagbado_Cyb_73,10.99.32.194,BTS
Ajao_Estate_Cyb23,Ajao_Estate_Cyb23,10.99.37.137,BTS
Isaac_John_33,Isaac_John_33,10.99.39.82,BTS
Police_Ikeja_Cyb39,Police_Ikeja_Cyb39,10.99.31.146,BTS
Oshodi__Cyb_18,Oshodi__Cyb_18,10.99.37.50,BTS
Alapere_Ketu_Cyb14,Alapere_Ketu_Cyb14,10.99.30.226,BTS
Gbagada_Cyb_32,Gbagada_Cyb_32,10.99.31.34,BTS
Mande_MaryLand_Cyb_54,Mande_MaryLand_Cyb_54,10.99.38.146,BTS
Coka_Bariga_Cyb_72,Coka_Bariga_Cyb_72,10.99.32.178,BTS
Yusuf_Gbagada_Cyb_78,Yusuf_Gbagada_Cyb_78,10.99.33.34,BTS
Obanikoro_Cyb_13,Obanikoro_Cyb_13,10.99.30.210,BTS
Trinity_Cyb_17,Trinity_Cyb_17,10.99.37.34,BTS
Satellite_Cyb020,Satellite_Cyb020,10.99.37.82,BTS
Shomade_Cyb_007,Shomade_Cyb_007,10.99.39.50,BTS
Wharf_Cyb_035,Wharf_Cyb_035,10.99.31.82,BTS
Ajegunle_Cyb_49,Ajegunle_Cyb_49,10.99.38.66,BTS
Festac_CYB_061,Festac_CYB_061,10.99.32.18,BTS
Festac_024,Festac_024,10.99.37.146,BTS
Ebutemeta_Cyb59,Ebutemeta_Cyb59,10.99.38.226,BTS
Ikate_Surulere_Cyb_21,Ikate_Surulere_Cyb_21,10.99.37.98,BTS
Olodi_Apapa_Cyb_48,Olodi_Apapa_Cyb_48,10.99.38.50,BTS
Lasu_Cyb_79,Lasu_Cyb_79,10.99.33.50,BTS
Ejigbo_Cyb_16,Ejigbo_Cyb_16,10.99.37.18,BTS
Alaba_Cyb68,Alaba_Cyb68,10.99.32.130,BTS
Jakande_Cyb_64,Jakande_Cyb_64,10.99.32.66,BTS
Union_Bank_Cyb5,Union_Bank_Cyb5,10.99.30.82,BTS
Elephant_House_Cyb_40,Elephant_House_Cyb_40,10.99.31.162,BTS
Waziri_Ibrahim_Cyb96,Waziri_Ibrahim_Cyb96,10.99.34.50,BTS
Adeniji_Adele_Cyb_55,Adeniji_Adele_Cyb_55,10.99.38.162,BTS
Ebute_Elefun_Cyb_57,Ebute_Elefun_Cyb_57,10.99.38.194,BTS
Dolphin_Cyb_56,Dolphin_Cyb_56,10.99.38.178,BTS
Asaba_Zenith_Bank_Ezinne_Cyb_asb_001,Asaba_Zenith_Bank_Ezinne_Cyb_asb_001,10.99.36.98,BTS
Opannam_Road_Cyb_asb_002,Opannam_Road_Cyb_asb_002,10.99.36.130,BTS
Madonna_College_Rd__Cyb_asb_003,Madonna_College_Rd__Cyb_asb_003,10.99.40.2,BTS
Ogunnu_Road_Effurun_Cyb_003,Ogunnu_Road_Effurun_Cyb_003,10.99.36.114,BTS
Council_Effurum_Cyb004,Council_Effurum_Cyb004,10.99.36.146,BTS
Abuja_Cyb_001,Abuja_Cyb_001,10.99.34.146,BTS
ABJ_Millenium_Park_Cyb45,ABJ_Millenium_Park_Cyb45,10.99.35.242,BTS
Zone_4_Cyb_49,Zone_4_Cyb_49,10.99.36.66,BTS
Miatama_District_Cyb_8,Miatama_District_Cyb_8,10.99.34.210,BTS
Wuye_Junction_Cyb_47,Wuye_Junction_Cyb_47,10.99.36.34,BTS
ABJ_Kado_Estate_Cyb_3,ABJ_Kado_Estate_Cyb_3,10.99.34.162,BTS
ABJ_War_college_Cyb_5,ABJ_War_college_Cyb_5,10.99.34.178,BTS
BHI_COMPLEX_Cyb_13,BHI_COMPLEX_Cyb_13,10.99.34.226,BTS
ABJ_ZONE_6_CYB_14,ABJ_ZONE_6_CYB_14,10.99.34.242,BTS
Lugbe_Cyb_16,Lugbe_Cyb_16,10.99.35.18,BTS
NTA_Chel_5_Cyb_18,NTA_Chel_5_Cyb_18,10.99.35.34,BTS
ABJ_522_Road_CYb20,ABJ_522_Road_CYb20,10.99.35.50,BTS
Durumi_Cyb_21,Durumi_Cyb_21,10.99.35.66,BTS
KARU_CybCyb_Abj__24,KARU_CybCyb_Abj__24,10.99.35.82,BTS
Shehu_Shagari_way_Cyb_Abj_25,Shehu_Shagari_way_Cyb_Abj_25,10.99.35.98,BTS
Qwarrimpa_Cyb_Abj__31,Qwarrimpa_Cyb_Abj__31,10.99.35.114,BTS
Utaku_Cyb_Abj__35,Utaku_Cyb_Abj__35,10.99.35.130,BTS
Gariki_Cyb_Abj__37,Gariki_Cyb_Abj__37,10.99.35.146,BTS
Asokoro_Cyb_Abj__38,Asokoro_Cyb_Abj__38,10.99.35.162,BTS
Herbert_Maucauly_Road_Cyb_Abj_41,Herbert_Maucauly_Road_Cyb_Abj_41,10.99.35.194,BTS
Area_11_Cyb_Abj_42,Area_11_Cyb_Abj_42,10.99.35.210,BTS
Aguiyi_Ironsi_Cyb_Abj_43,Aguiyi_Ironsi_Cyb_Abj_43,10.99.35.226,BTS
Jabi_Cyb_Abj_46,Jabi_Cyb_Abj_46,10.99.36.18,BTS
Aminu_Kano_Cyb_Abj_48,Aminu_Kano_Cyb_Abj_48,10.99.36.50,BTS
PARALLEX_ISOLO_BTS,PARALLEX_ISOLO_BTS,10.40.10.10,PARALLEX
PARALLEX_ISOLO_CLIENT,PARALLEX_ISOLO_CLIENT,10.40.10.11,PARALLEX
PARALLEX_AKOWONJO_BTS,PARALLEX_AKOWONJO_BTS,10.41.10.18,PARALLEX
PARALLEX_AKOWONJO_CL,PARALLEX_AKOWONJO_CL,10.41.10.19,PARALLEX
PARALLEX_ADMIRALTY_BTS,PARALLEX_ADMIRALTY_BTS,10.41.10.26,PARALLEX
PARALLEX_ADMIRALTY_CL,PARALLEX_ADMIRALTY_CL,10.41.10.27,PARALLEX
PARALLEX_MARINA_BTS,PARALLEX_MARINA_BTS,10.41.10.34,PARALLEX
PARALLEX_MARINA_CL,PARALLEX_MARINA_CL,10.41.10.35,PARALLEX
PARALLEX_ASESE_BTS,PARALLEX_ASESE_BTS,10.41.10.58,PARALLEX
PARALLEX_ASESE_CL,PARALLEX_ASESE_CL,10.41.10.59,PARALLEX
PARALLEX_IBADAN_BTS,PARALLEX_IBADAN_BTS,10.41.10.66,PARALLEX
PARALLEX_IBADAN_CLIENT,PARALLEX_IBADAN_CLIENT,10.41.10.67,PARALLEX
PARALLEX_BENIN_POP,PARALLEX_BENIN_POP,10.41.10.74,PARALLEX
PARALLEX_BENIN_CL,PARALLEX_BENIN_CL,10.41.10.75,PARALLEX
PARALLEX_EFFURUN_WARRI_BTS,PARALLEX_EFFURUN_WARRI_BTS,10.41.10.82,PARALLEX
PARALLEX_EFFURUN_WARRI_CL,PARALLEX_EFFURUN_WARRI_CL,10.41.10.83,PARALLEX
PARALLEX_TRANS_AMADI_POP,PARALLEX_TRANS_AMADI_POP,10.41.10.90,PARALLEX
PARALLEX_TRANS_AMADI_CL,PARALLEX_TRANS_AMADI_CL,10.41.10.91,PARALLEX
PARALLEX_CALABAR_BTS,PARALLEX_CALABAR_BTS,10.41.10.98,PARALLEX
PARALLEX_CALABAR_CL,PARALLEX_CALABAR_CL,10.41.10.99,PARALLEX
PARALLEX_UYO_BTS,PARALLEX_UYO_BTS,10.41.10.106,PARALLEX
PARALLEX_UYO_CL,PARALLEX_UYO_CL,10.41.10.107,PARALLEX
PARALLEX_WUSE_BTS,PARALLEX_WUSE_BTS,10.41.10.114,PARALLEX
PARALLEX_WUSE_CL,PARALLEX_WUSE_CL,10.41.10.115,PARALLEX
PARALLEX_NATIONAL_ASSEMBLY_BTS,PARALLEX_NATIONAL_ASSEMBLY_BTS,10.41.10.122,PARALLEX
PARALLEX_NATIONAL_ASSEMBLY_CL,PARALLEX_NATIONAL_ASSEMBLY_CL,10.41.10.123,PARALLEX
PARALLEX_OLOWU_BTS,PARALLEX_OLOWU_BTS,10.41.10.130,PARALLEX
PARALLEX_OLOWU_CL,PARALLEX_OLOWU_CL,10.41.10.131,PARALLEX
PARALLEX_UYO_ATM_BTS,PARALLEX_UYO_ATM_BTS,10.41.10.138,PARALLEX
PARALLEX_UYO_ATM_CL,PARALLEX_UYO_ATM_CL,10.41.10.139,PARALLEX
PARALLEX_CHRIST_EMBASSY_POP,PARALLEX_CHRIST_EMBASSY_POP,10.43.14.83,PARALLEX
PARALLEX_CHRIST_EMBASSY_CL,PARALLEX_CHRIST_EMBASSY_CL,10.43.14.84,PARALLEX
ABMFB_ETRAN-LTE,ABMFB_ETRAN-LTE,10.14.128.25,ABMFB
ABMFB_ETRANS-RTR,ABMFB_ETRANS-RTR,10.14.128.26,ABMFB
ABMFB_FORTINET,ABMFB_FORTINET,10.35.1.4,ABMFB
ABMFB_HQ,ABMFB_HQ,10.40.60.10,ABMFB
ABMFB_HQ,ABMFB_HQ,10.40.60.11,ABMFB
ABMFB_OTTA,ABMFB_OTTA,10.41.2.35,ABMFB
ABMFB_OTTA,ABMFB_OTTA,10.41.2.36,ABMFB
ABMFB_ABEO,ABMFB_ABEO,10.42.3.203,ABMFB
ABMFB_OKE-OLOWO,ABMFB_OKE-OLOWO,10.42.3.204,ABMFB
ABMFB_ZEN/AB,ABMFB_ZEN/AB,10.42.4.34,ABMFB
ABMFB_VOLKS,ABMFB_VOLKS,10.43.0.26,ABMFB
ABMFB_VOLKS,ABMFB_VOLKS,10.43.0.27,ABMFB
ABMFB_POLARIS/AB,ABMFB_POLARIS/AB,10.46.3.118,ABMFB
ABMFB_BARIGA,ABMFB_BARIGA,10.48.3.18,ABMFB
ABMFB_BARI,ABMFB_BARI,10.48.3.19,ABMFB
ABMFB_CD,ABMFB_CD,41.138.164.62,ABMFB
ABMFB_OSHODI,ABMFB_OSHODI,41.138.164.117,ABMFB
ABMFB_CD,ABMFB_CD,41.138.164.118,ABMFB
ABMFB_APAPA-L3,ABMFB_APAPA-L3,41.138.164.121,ABMFB
ABMFB_CD,ABMFB_CD,41.138.164.122,ABMFB
ABMFB_ALABA _L2,ABMFB_ALABA _L2,41.138.164.125,ABMFB
ABMFB_CD,ABMFB_CD,41.138.164.126,ABMFB
ABMFB_CD,ABMFB_CD,41.138.164.146,ABMFB
ABMFB_IDUMAGBO-EXT,ABMFB_IDUMAGBO-EXT,41.138.164.153,ABMFB
ABMFB_SURULERE,ABMFB_SURULERE,41.138.164.161,ABMFB
ABMFB_CD,ABMFB_CD,41.138.164.162,ABMFB
ABMFB_CD,ABMFB_CD,41.138.164.166,ABMFB
ABMFB_OKEARIN,ABMFB_OKEARIN,41.138.164.173,ABMFB
ABMFB_CD,ABMFB_CD,41.138.164.174,ABMFB
ABMFB_IDUMAGBO,ABMFB_IDUMAGBO,41.138.164.177,ABMFB
ABMFB_CD,ABMFB_CD,41.138.164.178,ABMFB
ABMFB_IKOTUN,ABMFB_IKOTUN,41.138.164.185,ABMFB
ABMFB_CD,ABMFB_CD,41.138.164.186,ABMFB
ABMFB_CD,ABMFB_CD,41.138.164.198,ABMFB
ABMFB_IJEBU-ODE,ABMFB_IJEBU-ODE,41.138.164.206,ABMFB
ABMFB_ADO-EKITI,ABMFB_ADO-EKITI,41.138.164.213,ABMFB
ABMFB_AKURE MTN,ABMFB_AKURE MTN,102.89.58.101,ABMFB
ABMFB_CD,ABMFB_CD,102.89.58.102,ABMFB
POLARIS_ALABA,POLARIS_ALABA,10.0.254.26,POLARIS
POLARIS_TRANSAMADI_INDUSTRIAL_LAYOUT_BTS,POLARIS_TRANSAMADI_INDUSTRIAL_LAYOUT_BTS,10.0.254.88,POLARIS
POLARIS_TRANSAMADI_INDUSTRIAL_LAYOUT_CL,POLARIS_TRANSAMADI_INDUSTRIAL_LAYOUT_CL,10.0.254.89,POLARIS
POLARIS_ISOLO,POLARIS_ISOLO,10.4.7.13,POLARIS
POLARIS_IKOTA,POLARIS_IKOTA,10.4.7.130,POLARIS
POLARIS_EGBE,POLARIS_EGBE,10.4.7.137,POLARIS
POLARIS_MAFOLUKU_BTS,POLARIS_MAFOLUKU_BTS,10.4.7.164,POLARIS
POLARIS_MAFOLUKU_CL,POLARIS_MAFOLUKU_CL,10.4.7.165,POLARIS
POLARIS_OSOLO WAY,POLARIS_OSOLO WAY,10.4.7.169,POLARIS
POLARIS_CASH-CENTRE_ABA_BTS,POLARIS_CASH-CENTRE_ABA_BTS,10.4.7.178,POLARIS
POLARIS_CASH-CENTRE_ABA_CL,POLARIS_CASH-CENTRE_ABA_CL,10.4.7.179,POLARIS
POLARIS_YABA MONTGO,POLARIS_YABA MONTGO,10.4.7.186,POLARIS
POLARIS_ST.GREGORY,POLARIS_ST.GREGORY,10.4.7.193,POLARIS
POLARIS_IKOTUN,POLARIS_IKOTUN,10.4.7.210,POLARIS
POLARIS_TRANS-AMADI-PH_BTS,POLARIS_TRANS-AMADI-PH_BTS,10.5.30.18,POLARIS
POLARIS_TRANS-AMADI-PH_CL,POLARIS_TRANS-AMADI-PH_CL,10.5.30.19,POLARIS
POLARIS_ASOKORO_BTS,POLARIS_ASOKORO_BTS,10.11.120.203,POLARIS
POLARIS_ASOKORO_CL,POLARIS_ASOKORO_CL,10.11.120.204,POLARIS
POLARIS_SANGO-OTA_BTS,POLARIS_SANGO-OTA_BTS,10.11.120.250,POLARIS
POLARIS_SANGO-OTA_CL,POLARIS_SANGO-OTA_CL,10.11.120.251,POLARIS
POLARIS_AMINU-KA??_BTS,POLARIS_AMINU-KA??_BTS,10.14.128.251,POLARIS
POLARIS_AMINU-KA??_CL,POLARIS_AMINU-KA??_CL,10.14.128.252,POLARIS
POLARIS_ILE-OLUJI_BTS,POLARIS_ILE-OLUJI_BTS,10.22.0.18,POLARIS
POLARIS_ILE-OLUJI_CL,POLARIS_ILE-OLUJI_CL,10.22.0.19,POLARIS
POLARIS_AGBOR_MIKROTIK,POLARIS_AGBOR_MIKROTIK,10.40.5.250,POLARIS
POLARIS_AGBOR_BTS,POLARIS_AGBOR_BTS,10.40.5.251,POLARIS
POLARIS_AGBOR_CL,POLARIS_AGBOR_CL,10.40.5.252,POLARIS
POLARIS_POLARIS_HQ_ROUTER,POLARIS_POLARIS_HQ_ROUTER,10.40.40.29,POLARIS
POLARIS_POLARIS_HQ_MIKROTIK,POLARIS_POLARIS_HQ_MIKROTIK,10.40.40.30,POLARIS
POLARIS_KUTO_BTS,POLARIS_KUTO_BTS,10.40.40.251,POLARIS
POLARIS_KUTO_CL,POLARIS_KUTO_CL,10.40.40.254,POLARIS
POLARIS_FAGBEWESA-BTS,POLARIS_FAGBEWESA-BTS,10.40.41.18,POLARIS
POLARIS_FAGBEWESA-CL,POLARIS_FAGBEWESA-CL,10.40.41.19,POLARIS
POLARIS_AKURE_BTS,POLARIS_AKURE_BTS,10.40.41.26,POLARIS
POLARIS_AKURE_CL,POLARIS_AKURE_CL,10.40.41.27,POLARIS
POLARIS_ILESHA_BTS,POLARIS_ILESHA_BTS,10.40.41.106,POLARIS
POLARIS_ILESHA_CL,POLARIS_ILESHA_CL,10.40.41.107,POLARIS
POLARIS_ADO-EKITI_BTS,POLARIS_ADO-EKITI_BTS,10.40.41.114,POLARIS
POLARIS_ADO-EKITI_CL,POLARIS_ADO-EKITI_CL,10.40.41.115,POLARIS
POLARIS_AKUNGBA_BTS,POLARIS_AKUNGBA_BTS,10.40.41.146,POLARIS
POLARIS_AKUNGBA_CL,POLARIS_AKUNGBA_CL,10.40.41.147,POLARIS
POLARIS_ONDO-YABA_BTS,POLARIS_ONDO-YABA_BTS,10.40.41.154,POLARIS
POLARIS_ONDO-YABA_CL,POLARIS_ONDO-YABA_CL,10.40.41.155,POLARIS
POLARIS_OYEMEKUN_BTS,POLARIS_OYEMEKUN_BTS,10.40.41.170,POLARIS
POLARIS_OYEMEKUN_CL,POLARIS_OYEMEKUN_CL,10.40.41.171,POLARIS
POLARIS_ABA_FACTORY_BTS,POLARIS_ABA_FACTORY_BTS,10.40.41.178,POLARIS
POLARIS_ABA_FACTORY_CL,POLARIS_ABA_FACTORY_CL,10.40.41.179,POLARIS
POLARIS_TRANSAMADI2_BTS,POLARIS_TRANSAMADI2_BTS,10.40.41.186,POLARIS
POLARIS_TRANSAMADI2_CL,POLARIS_TRANSAMADI2_CL,10.40.41.187,POLARIS
POLARIS_LIFE CAMP,POLARIS_LIFE CAMP,10.40.41.201,POLARIS
POLARIS_URUALLA_BTS,POLARIS_URUALLA_BTS,10.40.41.218,POLARIS
POLARIS_URUALLA_CL,POLARIS_URUALLA_CL,10.40.41.219,POLARIS
POLARIS_ABAKALIKI_BTS,POLARIS_ABAKALIKI_BTS,10.40.41.226,POLARIS
POLARIS_ABAKALIKI_CL,POLARIS_ABAKALIKI_CL,10.40.41.227,POLARIS
POLARIS_ONITSHA_NEW_MARKET_BTS,POLARIS_ONITSHA_NEW_MARKET_BTS,10.40.41.242,POLARIS
POLARIS_ONITSHA_NEW_MARKET_CL,POLARIS_ONITSHA_NEW_MARKET_CL,10.40.41.243,POLARIS
POLARIS_ABAK_RD_BTS,POLARIS_ABAK_RD_BTS,10.40.41.250,POLARIS
POLARIS_ABAK_RD_CL,POLARIS_ABAK_RD_CL,10.40.41.251,POLARIS
POLARIS_IBADAN_BTS,POLARIS_IBADAN_BTS,10.41.6.125,POLARIS
POLARIS_IBADAN_CL,POLARIS_IBADAN_CL,10.41.6.125,POLARIS
POLARIS_FATAI-ATERE_BTS,POLARIS_FATAI-ATERE_BTS,10.42.6.50,POLARIS
POLARIS_FATAI-ATERE_CL,POLARIS_FATAI-ATERE_CL,10.42.6.50,POLARIS
POLARIS_RING-ROAD_IBADAN_BTS,POLARIS_RING-ROAD_IBADAN_BTS,10.42.8.58,POLARIS
POLARIS_RING-ROAD_IBADAN_CL,POLARIS_RING-ROAD_IBADAN_CL,10.42.8.59,POLARIS
POLARIS_ILUPEJU_BTS,POLARIS_ILUPEJU_BTS,10.42.8.66,POLARIS
POLARIS_ILUPEJU_CL,POLARIS_ILUPEJU_CL,10.42.8.67,POLARIS
POLARIS_GBOKO_BTS,POLARIS_GBOKO_BTS,10.43.0.131,POLARIS
POLARIS_GBOKO_CL,POLARIS_GBOKO_CL,10.43.0.132,POLARIS
POLARIS_EBITU-NIGER_BTS,POLARIS_EBITU-NIGER_BTS,10.43.5.154,POLARIS
POLARIS_EBITU-NIGER_CL,POLARIS_EBITU-NIGER_CL,10.43.5.155,POLARIS
POLARIS_ALAUSA,POLARIS_ALAUSA,10.43.9.202,POLARIS
POLARIS_IKORODU_SEC_BTS,POLARIS_IKORODU_SEC_BTS,10.43.12.234,POLARIS
POLARIS_IKORODU_SEC_CL,POLARIS_IKORODU_SEC_CL,10.43.12.235,POLARIS
POLARIS_POLARIS_OGUDU,POLARIS_POLARIS_OGUDU,10.43.14.57,POLARIS
POLARIS_OKITIPUPA MIKROTIK,POLARIS_OKITIPUPA MIKROTIK,10.46.3.106,POLARIS
POLARIS_OYO-SHAKI_BTS,POLARIS_OYO-SHAKI_BTS,10.46.3.235,POLARIS
POLARIS_OYO-SHAKI_CL,POLARIS_OYO-SHAKI_CL,10.46.3.236,POLARIS
POLARIS_SHOMOLU,POLARIS_SHOMOLU,10.46.6.226,POLARIS
POLARIS_OKITIPUPA_BTS,POLARIS_OKITIPUPA_BTS,10.46.8.146,POLARIS
POLARIS_OKITIPUPA_CL,POLARIS_OKITIPUPA_CL,10.46.8.147,POLARIS
POLARIS_IKORODU_BTS,POLARIS_IKORODU_BTS,10.49.10.83,POLARIS
POLARIS_IKORODU_CL,POLARIS_IKORODU_CL,10.49.10.84,POLARIS
POLARIS_KETU,POLARIS_KETU,10.49.10.90,POLARIS
POLARIS_IDOLUWO,POLARIS_IDOLUWO,10.49.10.98,POLARIS
POLARIS_NAHCO,POLARIS_NAHCO,10.49.10.106,POLARIS
POLARIS_DOPEMU,POLARIS_DOPEMU,10.49.10.122,POLARIS
POLARIS_UYO_BTS,POLARIS_UYO_BTS,10.49.10.146,POLARIS
POLARIS_UYO_CL,POLARIS_UYO_CL,10.49.10.147,POLARIS
POLARIS_EDE_BTS,POLARIS_EDE_BTS,10.49.10.154,POLARIS
POLARIS_EDE_CL,POLARIS_EDE_CL,10.49.10.155,POLARIS
POLARIS_EBITU_LASS_37,POLARIS_EBITU_LASS_37,10.54.120.66,POLARIS
POLARIS_MGBIDI-BTS,POLARIS_MGBIDI-BTS,10.57.0.34,POLARIS
POLARIS_MGBID-CL,POLARIS_MGBID-CL,10.57.0.35,POLARIS
POLARIS_ELF CASH CENTRE-MIKROTIK,POLARIS_ELF CASH CENTRE-MIKROTIK,10.70.5.73,POLARIS
POLARIS_MARARABA-LEO,POLARIS_MARARABA-LEO,10.72.10.66,POLARIS
POLARIS_IKARE_BTS,POLARIS_IKARE_BTS,10.109.105.210,POLARIS
POLARIS_IKARE_CL,POLARIS_IKARE_CL,10.109.105.211,POLARIS
POLARIS_EBITU_LASS_37,POLARIS_EBITU_LASS_37,10.157.50.93,POLARIS
ACCION_COMMAND_AYOBO,ACCION_COMMAND_AYOBO,10.3.0.25,ACCION
ACCION_EJIGBO-BTS,ACCION_EJIGBO-BTS,10.11.2.67,ACCION
ACCION_EJIGBO-CLT,ACCION_EJIGBO-CLT,10.11.2.68,ACCION
ACCION_OBALENDE,ACCION_OBALENDE,10.11.2.73,ACCION
ACCION_OYINGBO,ACCION_OYINGBO,10.13.128.209,ACCION
ACCION_OKE-ARIN_BTS,ACCION_OKE-ARIN_BTS,10.13.128.219,ACCION
ACCION_OKE_ARIN_CL,ACCION_OKE_ARIN_CL,10.13.128.220,ACCION
ACCION_LADIPO Mushin,ACCION_LADIPO Mushin,10.25.0.9,ACCION
ACCION_SURULERE_BTS,ACCION_SURULERE_BTS,10.25.0.27,ACCION
ACCION_SURULERE_CL,ACCION_SURULERE_CL,10.25.0.28,ACCION
ACCION_ORILE_BTS,ACCION_ORILE_BTS,10.25.0.59,ACCION
ACCION_ORILE_CL,ACCION_ORILE_CL,10.25.0.60,ACCION
ACCION_IDIORO_BTS,ACCION_IDIORO_BTS,10.25.0.75,ACCION
ACCION_IDIORO_CL,ACCION_IDIORO_CL,10.25.0.76,ACCION
ACCION_BBA TRADEFAIR,ACCION_BBA TRADEFAIR,10.30.0.33,ACCION
ACCION_IKOSI_KETU_BTS,ACCION_IKOSI_KETU_BTS,10.30.0.83,ACCION
ACCION_IKOSI_KETU_CL,ACCION_IKOSI_KETU_CL,10.30.0.84,ACCION
ACCION_ALABA_LASU_BTS,ACCION_ALABA_LASU_BTS,10.35.0.211,ACCION
ACCION_ALABA_LASU_CL,ACCION_ALABA_LASU_CL,10.35.0.212,ACCION
ACCION_IGANDO,ACCION_IGANDO,10.39.2.17,ACCION
ACCION_AKUTE_BTS,ACCION_AKUTE_BTS,10.40.0.179,ACCION
ACCION_AKUTE_CL,ACCION_AKUTE_CL,10.40.0.180,ACCION
ACCION_SANGO_OTTA_BTS,ACCION_SANGO_OTTA_BTS,10.40.0.187,ACCION
ACCION_SANGO_OTTA_CL,ACCION_SANGO_OTTA_CL,10.40.0.189,ACCION
ACCION_ISOLO,ACCION_ISOLO,10.41.0.65,ACCION
ACCION_AGEGE_OLDLAGOS,ACCION_AGEGE_OLDLAGOS,10.41.0.161,ACCION
ACCION_ISHERI_OJODU,ACCION_ISHERI_OJODU,10.41.0.169,ACCION
ACCION_OBA-AKRAN,ACCION_OBA-AKRAN,10.41.0.185,ACCION
ACCION_IKOTUN_CYB089,ACCION_IKOTUN_CYB089,10.42.8.51,ACCION
ACCION_IKOTUN_CYB089,ACCION_IKOTUN_CYB089,10.42.8.52,ACCION
ACCION_BARUWA_CYB015,ACCION_BARUWA_CYB015,10.42.8.105,ACCION
ACCION_IKOTUN_CYB089,ACCION_IKOTUN_CYB089,10.42.8.52,ACCION
ACCION_BARUWA_CYB015,ACCION_BARUWA_CYB015,10.42.8.105,ACCION
ACCION_ACCION_ILORIN_BTS,ACCION_ACCION_ILORIN_BTS,10.42.8.114,ACCION
ACCION_ACCION_ILORIN_CL,ACCION_ACCION_ILORIN_CL,10.42.8.115,ACCION
ACCION_AGRIC_BTS,ACCION_AGRIC_BTS,10.43.0.179,ACCION
ACCION_AGRIC_CL,ACCION_AGRIC_CL,10.43.0.180,ACCION
ACCION_XYZ-AJAH,ACCION_XYZ-AJAH,10.43.0.193,ACCION
ACCION_MOWE_BTS,ACCION_MOWE_BTS,10.43.1.19,ACCION
ACCION_MOWE_CL,ACCION_MOWE_CL,10.43.1.20,ACCION
ACCION_KANO_BTS,ACCION_KANO_BTS,10.43.4.203,ACCION
ACCION_KANO_CL,ACCION_KANO_CL,10.43.4.204,ACCION
ACCION_USELU_BENIN_BTS,ACCION_USELU_BENIN_BTS,10.43.9.10,ACCION
ACCION_USELU_BENIN_CL,ACCION_USELU_BENIN_CL,10.43.9.11,ACCION
ACCION_KANO2_BTS,ACCION_KANO2_BTS,10.43.9.34,ACCION
ACCION_KANO2_CL,ACCION_KANO2_CL,10.43.9.35,ACCION
ACCION_IBADAN_BTS,ACCION_IBADAN_BTS,10.43.9.50,ACCION
ACCION_IBADAN_CL,ACCION_IBADAN_CL,10.43.9.51,ACCION
ACCION_IGBOGBO,ACCION_IGBOGBO,10.43.9.121,ACCION
ACCION_WUSE_BTS,ACCION_WUSE_BTS,10.43.14.67,ACCION
ACCION_WUSE_CL,ACCION_WUSE_CL,10.43.14.68,ACCION
ACCION_AKOWONJO_BTS,ACCION_AKOWONJO_BTS,10.76.2.3,ACCION
ACCION_AKOWONJO_CL,ACCION_AKOWONJO_CL,10.76.2.4,ACCION
ACCION_BARIGA,ACCION_BARIGA,10.76.2.9,ACCION
ACCION_BOUNDARY_AJ,ACCION_BOUNDARY_AJ,10.76.2.17,ACCION
